time_table_id,fyp_session_id,is_class,owner_identifier,schedule_json
1,25261,1,"Section 01","{"specific_events": [], "weekly_recurring": [{"slots": [{"label": "Application Development - Lab", "end_time": "12:00", "start_time": "09:00", "is_blocking": true}], "day_name": "Monday", "day_of_week": 1}, {"slots": [{"label": "Application Development - Lecture", "end_time": "12:00", "start_time": "10:00", "is_blocking": true}], "day_name": "Wednesday", "day_of_week": 3}]}"
2,25261,0,dr.neo@utm.my,"{"specific_events": [{"date": "2026-05-10", "label": "FYP Proposal Briefing", "end_time": "16:00", "start_time": "14:00", "is_blocking": true}], "weekly_recurring": [{"slots": [{"label": "FYP Consultation Hours", "end_time": "16:00", "start_time": "14:00", "is_blocking": false}], "day_name": "Tuesday", "day_of_week": 2}]}"
3,25261,1,"Section 03","{"specific_events": [], "weekly_recurring": [{"slots": [{"label": "Software Engineering - Lecture", "end_time": "10:00", "start_time": "08:00", "is_blocking": true}], "day_name": "Tuesday", "day_of_week": 2}, {"slots": [{"label": "Software Engineering - Lab", "end_time": "11:00", "start_time": "08:00", "is_blocking": true}], "day_name": "Thursday", "day_of_week": 4}]}"
4,25261,0,prof.laa@utm.my,"{"specific_events": [{"date": "2026-05-12", "label": "Evaluation Panel C", "end_time": "11:00", "start_time": "09:00", "is_blocking": true}, {"date": "2026-05-13", "label": "Department Meeting", "end_time": "15:30", "start_time": "14:00", "is_blocking": true}], "weekly_recurring": [{"slots": [{"label": "Open Office Hours", "end_time": "11:00", "start_time": "10:00", "is_blocking": false}], "day_name": "Thursday", "day_of_week": 4}]}"
5,25261,0,nur.azlin@utm.my,"{"specific_events": [], "weekly_recurring": [{"slots": [{"label": "Administrative Block", "end_time": "16:30", "start_time": "14:30", "is_blocking": true}], "day_name": "Friday", "day_of_week": 5}]}"
6,25262,1,"Section 02","{"specific_events": [], "weekly_recurring": [{"slots": [{"label": "System Architecture - Lab", "end_time": "11:00", "start_time": "08:00", "is_blocking": true}], "day_name": "Thursday", "day_of_week": 4}]}"
7,25262,0,prof.smith@utm.my,"{"specific_events": [{"date": "2026-11-15", "label": "Final Year Project Presentations - Panel A", "end_time": "12:00", "start_time": "09:00", "is_blocking": true}, {"date": "2026-11-16", "label": "Final Year Project Presentations - Panel B", "end_time": "12:00", "start_time": "09:00", "is_blocking": true}], "weekly_recurring": []}"
8,25262,1,"Section 04","{"specific_events": [], "weekly_recurring": [{"slots": [{"label": "Data Science - Lecture", "end_time": "16:00", "start_time": "14:00", "is_blocking": true}], "day_name": "Monday", "day_of_week": 1}, {"slots": [{"label": "Data Science - Lab", "end_time": "17:00", "start_time": "14:00", "is_blocking": true}], "day_name": "Wednesday", "day_of_week": 3}]}"
9,25262,0,dr.tariqs@utm.my,"{"specific_events": [{"date": "2026-11-20", "label": "Out of Office - Conference", "end_time": "17:00", "start_time": "08:00", "is_blocking": true}], "weekly_recurring": [{"slots": [{"label": "Student Consultation", "end_time": "10:00", "start_time": "08:00", "is_blocking": false}], "day_name": "Wednesday", "day_of_week": 3}]}"
10,25262,0,"LIYANA ADILLA BINTI BURHANUDDIN (DR.)","{"specific_events": [], "weekly_recurring": [{"slots": [{"label": "SCSE1013 (L) SEC 15 (Lecture) PROG. LAB", "slot_id": "1780086472129_uxviad", "end_time": "10:50", "start_time": "09:00", "is_blocking": true}], "day_name": "Monday", "day_of_week": 1}, {"slots": [{"label": "SECJ4383 (L) SEC 15 (Lecture) BILIK KULIAH 08 (04.41.01)", "slot_id": "1780086472129_ngpxpk", "end_time": "12:50", "start_time": "10:00", "is_blocking": true}], "day_name": "Tuesday", "day_of_week": 2}, {"slots": [{"label": "SCSE1013 (LAB) SEC 15 (Lecture) PROG. LAB", "slot_id": "1780086472129_l9766", "end_time": "14:50", "start_time": "14:00", "is_blocking": true}], "day_name": "Wednesday", "day_of_week": 3}, {"slots": [{"label": "SECJ4383 (L) SEC 16 (Lecture) BILIK KULIAH 23 (09.45.01)", "slot_id": "1780086472129_41xo5", "end_time": "00:50", "start_time": "10:00", "is_blocking": true}], "day_name": "Thursday", "day_of_week": 4}, {"slots": [{"label": "Test", "slot_id": "1780086517308", "end_time": "09:00", "location": "", "start_time": "08:00"}], "day_name": "Friday", "day_of_week": 5}]}"
